{"cameraMode":{"drawMode":0,"name":"Shaded","section":"Shading Mode"},"sceneLighting":false,"audioPlay":false,"sceneViewState":{"showFog":true,"showMaterialUpdate":false,"showSkybox":false,"showFlares":true,"showImageEffects":true,"showParticleSystems":true},"in2DMode":false,"pivot":{"x":0.0,"y":-0.10999999940395355,"z":5.030000686645508},"rotation":{"x":-0.07572083920240402,"y":-0.5137052536010742,"z":0.045594800263643268,"w":-0.853442907333374},"size":10.140334129333496,"orthographic":true}