{"cameraMode":{"drawMode":0,"name":"Shaded","section":"Shading Mode"},"sceneLighting":false,"audioPlay":false,"sceneViewState":{"showFog":true,"showMaterialUpdate":false,"showSkybox":false,"showFlares":true,"showImageEffects":true,"showParticleSystems":true},"in2DMode":false,"pivot":{"x":0.0,"y":-0.10999999940395355,"z":5.030000686645508},"rotation":{"x":-0.08789825439453125,"y":-0.10472948849201203,"z":0.009288940578699112,"w":-0.9905966520309448},"size":7.015832901000977,"orthographic":true}