{"cameraMode":{"drawMode":0,"name":"Shaded","section":"Shading Mode"},"sceneLighting":false,"audioPlay":false,"sceneViewState":{"showFog":true,"showMaterialUpdate":false,"showSkybox":false,"showFlares":true,"showImageEffects":true,"showParticleSystems":true},"in2DMode":false,"pivot":{"x":0.03750002384185791,"y":0.2474999874830246,"z":5.030000686645508},"rotation":{"x":-0.19662609696388246,"y":-0.02972804754972458,"z":0.006004237569868565,"w":-0.9800528883934021},"size":18.75440216064453,"orthographic":true}