{"cameraMode":{"drawMode":0,"name":"Shaded","section":"Shading Mode"},"sceneLighting":false,"audioPlay":false,"sceneViewState":{"showFog":true,"showMaterialUpdate":false,"showSkybox":false,"showFlares":true,"showImageEffects":true,"showParticleSystems":true},"in2DMode":false,"pivot":{"x":0.0,"y":-1.1299999952316285,"z":5.1399993896484379},"rotation":{"x":0.013474853709340096,"y":-0.0602923184633255,"z":-0.0008198472787626088,"w":-0.9981148838996887},"size":16.589683532714845,"orthographic":true}