{"cameraMode":{"drawMode":0,"name":"Shaded","section":"Shading Mode"},"sceneLighting":false,"audioPlay":false,"sceneViewState":{"showFog":true,"showMaterialUpdate":false,"showSkybox":false,"showFlares":true,"showImageEffects":true,"showParticleSystems":true},"in2DMode":false,"pivot":{"x":0.0,"y":-0.10999999940395355,"z":5.030000686645508},"rotation":{"x":-0.23314304649829865,"y":-0.039689600467681888,"z":0.009549589827656746,"w":-0.9716224670410156},"size":18.45051383972168,"orthographic":true}