{"cameraMode":{"drawMode":0,"name":"Shaded","section":"Shading Mode"},"sceneLighting":false,"audioPlay":false,"sceneViewState":{"showFog":true,"showMaterialUpdate":false,"showSkybox":false,"showFlares":true,"showImageEffects":true,"showParticleSystems":true},"in2DMode":false,"pivot":{"x":-0.002499997615814209,"y":-0.10999999940395355,"z":5.030000686645508},"rotation":{"x":-0.2216431200504303,"y":-0.009089800529181958,"z":0.0021110577508807184,"w":-0.975121796131134},"size":6.27556037902832,"orthographic":true}