{"cameraMode":{"drawMode":0,"name":"Shaded","section":"Shading Mode"},"sceneLighting":false,"audioPlay":false,"sceneViewState":{"showFog":true,"showMaterialUpdate":false,"showSkybox":false,"showFlares":true,"showImageEffects":true,"showParticleSystems":true},"in2DMode":false,"pivot":{"x":0.0,"y":-0.10999999940395355,"z":5.030000686645508},"rotation":{"x":-0.07530742883682251,"y":-0.5213652849197388,"z":0.04627443104982376,"w":-0.8487850427627564},"size":18.45051383972168,"orthographic":true}