{"cameraMode":{"drawMode":0,"name":"Shaded","section":"Shading Mode"},"sceneLighting":false,"audioPlay":false,"sceneViewState":{"showFog":true,"showMaterialUpdate":false,"showSkybox":false,"showFlares":true,"showImageEffects":true,"showParticleSystems":true},"in2DMode":false,"pivot":{"x":0.03750002384185791,"y":0.22249998152256013,"z":5.030000686645508},"rotation":{"x":-0.1566602736711502,"y":-0.049190521240234378,"z":0.007851537317037583,"w":-0.9864389300346375},"size":12.892571449279786,"orthographic":true}