{"cameraMode":{"drawMode":0,"name":"Shaded","section":"Shading Mode"},"sceneLighting":false,"audioPlay":false,"sceneViewState":{"showFog":true,"showMaterialUpdate":false,"showSkybox":false,"showFlares":true,"showImageEffects":true,"showParticleSystems":true},"in2DMode":false,"pivot":{"x":-0.06000000238418579,"y":-1.1699999570846558,"z":7.479999542236328},"rotation":{"x":0.06118738651275635,"y":0.652054488658905,"z":-0.052943531423807147,"w":0.7538650631904602},"size":24.878368377685548,"orthographic":true}